,center-lon,center-lat,xmin,ymin,xmax,ymax
0,129.0,31.0,128.78598835819471,30.820245724095162,129.21401164180529,31.179754275904838
1,129.0,31.179754275904838,128.78598835819471,31.0,129.21401164180529,31.359508551809675
2,129.0,31.359508551809675,128.78598835819471,31.179754275904838,129.21401164180529,31.539262827714513
3,129.0,31.539262827714513,128.78598835819471,31.359508551809675,129.21401164180529,31.71901710361935
4,129.0,31.71901710361935,128.78598835819471,31.539262827714513,129.21401164180529,31.898771379524188
5,129.0,31.898771379524188,128.78598835819471,31.71901710361935,129.21401164180529,32.078525655429026
6,129.0,32.078525655429026,128.78598835819471,31.898771379524188,129.21401164180529,32.25827993133387
7,129.0,32.25827993133386,128.78598835819471,32.07852565542902,129.21401164180529,32.4380342072387
8,129.0,32.4380342072387,128.78598835819471,32.25827993133386,129.21401164180529,32.61778848314354
9,129.0,32.61778848314354,128.78598835819471,32.4380342072387,129.21401164180529,32.79754275904838
10,129.0,32.797542759048376,128.78598835819471,32.617788483143535,129.21401164180529,32.97729703495322
11,129.0,32.97729703495321,128.78598835819471,32.79754275904837,129.21401164180529,33.15705131085805
12,129.0,33.15705131085805,128.78598835819471,32.97729703495321,129.21401164180529,33.33680558676289
13,129.0,33.33680558676289,128.78598835819471,33.15705131085805,129.21401164180529,33.516559862667734
14,129.0,33.51655986266773,128.78598835819471,33.336805586762885,129.21401164180529,33.69631413857257
15,129.0,33.69631413857256,128.78598835819471,33.51655986266772,129.21401164180529,33.8760684144774
16,129.0,33.8760684144774,128.78598835819471,33.69631413857256,129.21401164180529,34.05582269038224
17,129.0,34.05582269038224,128.78598835819471,33.8760684144774,129.21401164180529,34.235576966287084
18,129.0,34.23557696628708,128.78598835819471,34.055822690382236,129.21401164180529,34.41533124219192
19,129.0,34.41533124219191,128.78598835819471,34.23557696628707,129.21401164180529,34.59508551809675
20,129.0,34.59508551809675,128.78598835819471,34.41533124219191,129.21401164180529,34.77483979400159
21,129.0,34.77483979400159,128.78598835819471,34.59508551809675,129.21401164180529,34.954594069906435
22,129.0,34.95459406990643,128.78598835819471,34.774839794001586,129.21401164180529,35.13434834581127
23,129.21401164180529,31.0,129.0,30.820245724095162,129.42802328361057,31.179754275904838
24,129.21401164180529,31.179754275904838,129.0,31.0,129.42802328361057,31.359508551809675
25,129.21401164180529,31.359508551809675,129.0,31.179754275904838,129.42802328361057,31.539262827714513
26,129.21401164180529,31.539262827714513,129.0,31.359508551809675,129.42802328361057,31.71901710361935
27,129.21401164180529,31.71901710361935,129.0,31.539262827714513,129.42802328361057,31.898771379524188
28,129.21401164180529,31.898771379524188,129.0,31.71901710361935,129.42802328361057,32.078525655429026
29,129.21401164180529,32.078525655429026,129.0,31.898771379524188,129.42802328361057,32.25827993133387
30,129.21401164180529,32.25827993133386,129.0,32.07852565542902,129.42802328361057,32.4380342072387
31,129.21401164180529,32.4380342072387,129.0,32.25827993133386,129.42802328361057,32.61778848314354
32,129.21401164180529,32.61778848314354,129.0,32.4380342072387,129.42802328361057,32.79754275904838
33,129.21401164180529,32.797542759048376,129.0,32.617788483143535,129.42802328361057,32.97729703495322
34,129.21401164180529,32.97729703495321,129.0,32.79754275904837,129.42802328361057,33.15705131085805
35,129.21401164180529,33.15705131085805,129.0,32.97729703495321,129.42802328361057,33.33680558676289
36,129.21401164180529,33.33680558676289,129.0,33.15705131085805,129.42802328361057,33.516559862667734
37,129.21401164180529,33.51655986266773,129.0,33.336805586762885,129.42802328361057,33.69631413857257
38,129.21401164180529,33.69631413857256,129.0,33.51655986266772,129.42802328361057,33.8760684144774
39,129.21401164180529,33.8760684144774,129.0,33.69631413857256,129.42802328361057,34.05582269038224
40,129.21401164180529,34.05582269038224,129.0,33.8760684144774,129.42802328361057,34.235576966287084
41,129.21401164180529,34.23557696628708,129.0,34.055822690382236,129.42802328361057,34.41533124219192
42,129.21401164180529,34.41533124219191,129.0,34.23557696628707,129.42802328361057,34.59508551809675
43,129.21401164180529,34.59508551809675,129.0,34.41533124219191,129.42802328361057,34.77483979400159
44,129.21401164180529,34.77483979400159,129.0,34.59508551809675,129.42802328361057,34.954594069906435
45,129.21401164180529,34.95459406990643,129.0,34.774839794001586,129.42802328361057,35.13434834581127
46,129.42802328361057,31.0,129.21401164180529,30.820245724095162,129.64203492541586,31.179754275904838
47,129.42802328361057,31.179754275904838,129.21401164180529,31.0,129.64203492541586,31.359508551809675
48,129.42802328361057,31.359508551809675,129.21401164180529,31.179754275904838,129.64203492541586,31.539262827714513
49,129.42802328361057,31.539262827714513,129.21401164180529,31.359508551809675,129.64203492541586,31.71901710361935
50,129.42802328361057,31.71901710361935,129.21401164180529,31.539262827714513,129.64203492541586,31.898771379524188
51,129.42802328361057,31.898771379524188,129.21401164180529,31.71901710361935,129.64203492541586,32.078525655429026
52,129.42802328361057,32.078525655429026,129.21401164180529,31.898771379524188,129.64203492541586,32.25827993133387
53,129.42802328361057,32.25827993133386,129.21401164180529,32.07852565542902,129.64203492541586,32.4380342072387
54,129.42802328361057,32.4380342072387,129.21401164180529,32.25827993133386,129.64203492541586,32.61778848314354
55,129.42802328361057,32.61778848314354,129.21401164180529,32.4380342072387,129.64203492541586,32.79754275904838
56,129.42802328361057,32.797542759048376,129.21401164180529,32.617788483143535,129.64203492541586,32.97729703495322
57,129.42802328361057,32.97729703495321,129.21401164180529,32.79754275904837,129.64203492541586,33.15705131085805
58,129.42802328361057,33.15705131085805,129.21401164180529,32.97729703495321,129.64203492541586,33.33680558676289
59,129.42802328361057,33.33680558676289,129.21401164180529,33.15705131085805,129.64203492541586,33.516559862667734
60,129.42802328361057,33.51655986266773,129.21401164180529,33.336805586762885,129.64203492541586,33.69631413857257
61,129.42802328361057,33.69631413857256,129.21401164180529,33.51655986266772,129.64203492541586,33.8760684144774
62,129.42802328361057,33.8760684144774,129.21401164180529,33.69631413857256,129.64203492541586,34.05582269038224
63,129.42802328361057,34.05582269038224,129.21401164180529,33.8760684144774,129.64203492541586,34.235576966287084
64,129.42802328361057,34.23557696628708,129.21401164180529,34.055822690382236,129.64203492541586,34.41533124219192
65,129.42802328361057,34.41533124219191,129.21401164180529,34.23557696628707,129.64203492541586,34.59508551809675
66,129.42802328361057,34.59508551809675,129.21401164180529,34.41533124219191,129.64203492541586,34.77483979400159
67,129.42802328361057,34.77483979400159,129.21401164180529,34.59508551809675,129.64203492541586,34.954594069906435
68,129.42802328361057,34.95459406990643,129.21401164180529,34.774839794001586,129.64203492541586,35.13434834581127
69,129.64203492541586,31.0,129.42802328361057,30.820245724095162,129.85604656722114,31.179754275904838
70,129.64203492541586,31.179754275904838,129.42802328361057,31.0,129.85604656722114,31.359508551809675
71,129.64203492541586,31.359508551809675,129.42802328361057,31.179754275904838,129.85604656722114,31.539262827714513
72,129.64203492541586,31.539262827714513,129.42802328361057,31.359508551809675,129.85604656722114,31.71901710361935
73,129.64203492541586,31.71901710361935,129.42802328361057,31.539262827714513,129.85604656722114,31.898771379524188
74,129.64203492541586,31.898771379524188,129.42802328361057,31.71901710361935,129.85604656722114,32.078525655429026
75,129.64203492541586,32.078525655429026,129.42802328361057,31.898771379524188,129.85604656722114,32.25827993133387
76,129.64203492541586,32.25827993133386,129.42802328361057,32.07852565542902,129.85604656722114,32.4380342072387
77,129.64203492541586,32.4380342072387,129.42802328361057,32.25827993133386,129.85604656722114,32.61778848314354
78,129.64203492541586,32.61778848314354,129.42802328361057,32.4380342072387,129.85604656722114,32.79754275904838
79,129.64203492541586,32.797542759048376,129.42802328361057,32.617788483143535,129.85604656722114,32.97729703495322
80,129.64203492541586,32.97729703495321,129.42802328361057,32.79754275904837,129.85604656722114,33.15705131085805
81,129.64203492541586,33.15705131085805,129.42802328361057,32.97729703495321,129.85604656722114,33.33680558676289
82,129.64203492541586,33.33680558676289,129.42802328361057,33.15705131085805,129.85604656722114,33.516559862667734
83,129.64203492541586,33.51655986266773,129.42802328361057,33.336805586762885,129.85604656722114,33.69631413857257
84,129.64203492541586,33.69631413857256,129.42802328361057,33.51655986266772,129.85604656722114,33.8760684144774
85,129.64203492541586,33.8760684144774,129.42802328361057,33.69631413857256,129.85604656722114,34.05582269038224
86,129.64203492541586,34.05582269038224,129.42802328361057,33.8760684144774,129.85604656722114,34.235576966287084
87,129.64203492541586,34.23557696628708,129.42802328361057,34.055822690382236,129.85604656722114,34.41533124219192
88,129.64203492541586,34.41533124219191,129.42802328361057,34.23557696628707,129.85604656722114,34.59508551809675
89,129.64203492541586,34.59508551809675,129.42802328361057,34.41533124219191,129.85604656722114,34.77483979400159
90,129.64203492541586,34.77483979400159,129.42802328361057,34.59508551809675,129.85604656722114,34.954594069906435
91,129.64203492541586,34.95459406990643,129.42802328361057,34.774839794001586,129.85604656722114,35.13434834581127
92,129.85604656722114,31.0,129.64203492541586,30.820245724095162,130.07005820902643,31.179754275904838
93,129.85604656722114,31.179754275904838,129.64203492541586,31.0,130.07005820902643,31.359508551809675
94,129.85604656722114,31.359508551809675,129.64203492541586,31.179754275904838,130.07005820902643,31.539262827714513
95,129.85604656722114,31.539262827714513,129.64203492541586,31.359508551809675,130.07005820902643,31.71901710361935
96,129.85604656722114,31.71901710361935,129.64203492541586,31.539262827714513,130.07005820902643,31.898771379524188
97,129.85604656722114,31.898771379524188,129.64203492541586,31.71901710361935,130.07005820902643,32.078525655429026
98,129.85604656722114,32.078525655429026,129.64203492541586,31.898771379524188,130.07005820902643,32.25827993133387
99,129.85604656722114,32.25827993133386,129.64203492541586,32.07852565542902,130.07005820902643,32.4380342072387
100,129.85604656722114,32.4380342072387,129.64203492541586,32.25827993133386,130.07005820902643,32.61778848314354
101,129.85604656722114,32.61778848314354,129.64203492541586,32.4380342072387,130.07005820902643,32.79754275904838
102,129.85604656722114,32.797542759048376,129.64203492541586,32.617788483143535,130.07005820902643,32.97729703495322
103,129.85604656722114,32.97729703495321,129.64203492541586,32.79754275904837,130.07005820902643,33.15705131085805
104,129.85604656722114,33.15705131085805,129.64203492541586,32.97729703495321,130.07005820902643,33.33680558676289
105,129.85604656722114,33.33680558676289,129.64203492541586,33.15705131085805,130.07005820902643,33.516559862667734
106,129.85604656722114,33.51655986266773,129.64203492541586,33.336805586762885,130.07005820902643,33.69631413857257
107,129.85604656722114,33.69631413857256,129.64203492541586,33.51655986266772,130.07005820902643,33.8760684144774
108,129.85604656722114,33.8760684144774,129.64203492541586,33.69631413857256,130.07005820902643,34.05582269038224
109,129.85604656722114,34.05582269038224,129.64203492541586,33.8760684144774,130.07005820902643,34.235576966287084
110,129.85604656722114,34.23557696628708,129.64203492541586,34.055822690382236,130.07005820902643,34.41533124219192
111,129.85604656722114,34.41533124219191,129.64203492541586,34.23557696628707,130.07005820902643,34.59508551809675
112,129.85604656722114,34.59508551809675,129.64203492541586,34.41533124219191,130.07005820902643,34.77483979400159
113,129.85604656722114,34.77483979400159,129.64203492541586,34.59508551809675,130.07005820902643,34.954594069906435
114,129.85604656722114,34.95459406990643,129.64203492541586,34.774839794001586,130.07005820902643,35.13434834581127
115,130.07005820902643,31.0,129.85604656722114,30.820245724095162,130.2840698508317,31.179754275904838
116,130.07005820902643,31.179754275904838,129.85604656722114,31.0,130.2840698508317,31.359508551809675
117,130.07005820902643,31.359508551809675,129.85604656722114,31.179754275904838,130.2840698508317,31.539262827714513
118,130.07005820902643,31.539262827714513,129.85604656722114,31.359508551809675,130.2840698508317,31.71901710361935
119,130.07005820902643,31.71901710361935,129.85604656722114,31.539262827714513,130.2840698508317,31.898771379524188
120,130.07005820902643,31.898771379524188,129.85604656722114,31.71901710361935,130.2840698508317,32.078525655429026
121,130.07005820902643,32.078525655429026,129.85604656722114,31.898771379524188,130.2840698508317,32.25827993133387
122,130.07005820902643,32.25827993133386,129.85604656722114,32.07852565542902,130.2840698508317,32.4380342072387
123,130.07005820902643,32.4380342072387,129.85604656722114,32.25827993133386,130.2840698508317,32.61778848314354
124,130.07005820902643,32.61778848314354,129.85604656722114,32.4380342072387,130.2840698508317,32.79754275904838
125,130.07005820902643,32.797542759048376,129.85604656722114,32.617788483143535,130.2840698508317,32.97729703495322
126,130.07005820902643,32.97729703495321,129.85604656722114,32.79754275904837,130.2840698508317,33.15705131085805
127,130.07005820902643,33.15705131085805,129.85604656722114,32.97729703495321,130.2840698508317,33.33680558676289
128,130.07005820902643,33.33680558676289,129.85604656722114,33.15705131085805,130.2840698508317,33.516559862667734
129,130.07005820902643,33.51655986266773,129.85604656722114,33.336805586762885,130.2840698508317,33.69631413857257
130,130.07005820902643,33.69631413857256,129.85604656722114,33.51655986266772,130.2840698508317,33.8760684144774
131,130.07005820902643,33.8760684144774,129.85604656722114,33.69631413857256,130.2840698508317,34.05582269038224
132,130.07005820902643,34.05582269038224,129.85604656722114,33.8760684144774,130.2840698508317,34.235576966287084
133,130.07005820902643,34.23557696628708,129.85604656722114,34.055822690382236,130.2840698508317,34.41533124219192
134,130.07005820902643,34.41533124219191,129.85604656722114,34.23557696628707,130.2840698508317,34.59508551809675
135,130.07005820902643,34.59508551809675,129.85604656722114,34.41533124219191,130.2840698508317,34.77483979400159
136,130.07005820902643,34.77483979400159,129.85604656722114,34.59508551809675,130.2840698508317,34.954594069906435
137,130.07005820902643,34.95459406990643,129.85604656722114,34.774839794001586,130.2840698508317,35.13434834581127
138,130.2840698508317,31.0,130.07005820902643,30.820245724095162,130.498081492637,31.179754275904838
139,130.2840698508317,31.179754275904838,130.07005820902643,31.0,130.498081492637,31.359508551809675
140,130.2840698508317,31.359508551809675,130.07005820902643,31.179754275904838,130.498081492637,31.539262827714513
141,130.2840698508317,31.539262827714513,130.07005820902643,31.359508551809675,130.498081492637,31.71901710361935
142,130.2840698508317,31.71901710361935,130.07005820902643,31.539262827714513,130.498081492637,31.898771379524188
143,130.2840698508317,31.898771379524188,130.07005820902643,31.71901710361935,130.498081492637,32.078525655429026
144,130.2840698508317,32.078525655429026,130.07005820902643,31.898771379524188,130.498081492637,32.25827993133387
145,130.2840698508317,32.25827993133386,130.07005820902643,32.07852565542902,130.498081492637,32.4380342072387
146,130.2840698508317,32.4380342072387,130.07005820902643,32.25827993133386,130.498081492637,32.61778848314354
147,130.2840698508317,32.61778848314354,130.07005820902643,32.4380342072387,130.498081492637,32.79754275904838
148,130.2840698508317,32.797542759048376,130.07005820902643,32.617788483143535,130.498081492637,32.97729703495322
149,130.2840698508317,32.97729703495321,130.07005820902643,32.79754275904837,130.498081492637,33.15705131085805
150,130.2840698508317,33.15705131085805,130.07005820902643,32.97729703495321,130.498081492637,33.33680558676289
151,130.2840698508317,33.33680558676289,130.07005820902643,33.15705131085805,130.498081492637,33.516559862667734
152,130.2840698508317,33.51655986266773,130.07005820902643,33.336805586762885,130.498081492637,33.69631413857257
153,130.2840698508317,33.69631413857256,130.07005820902643,33.51655986266772,130.498081492637,33.8760684144774
154,130.2840698508317,33.8760684144774,130.07005820902643,33.69631413857256,130.498081492637,34.05582269038224
155,130.2840698508317,34.05582269038224,130.07005820902643,33.8760684144774,130.498081492637,34.235576966287084
156,130.2840698508317,34.23557696628708,130.07005820902643,34.055822690382236,130.498081492637,34.41533124219192
157,130.2840698508317,34.41533124219191,130.07005820902643,34.23557696628707,130.498081492637,34.59508551809675
158,130.2840698508317,34.59508551809675,130.07005820902643,34.41533124219191,130.498081492637,34.77483979400159
159,130.2840698508317,34.77483979400159,130.07005820902643,34.59508551809675,130.498081492637,34.954594069906435
160,130.2840698508317,34.95459406990643,130.07005820902643,34.774839794001586,130.498081492637,35.13434834581127
161,130.498081492637,31.0,130.2840698508317,30.820245724095162,130.71209313444228,31.179754275904838
162,130.498081492637,31.179754275904838,130.2840698508317,31.0,130.71209313444228,31.359508551809675
163,130.498081492637,31.359508551809675,130.2840698508317,31.179754275904838,130.71209313444228,31.539262827714513
164,130.498081492637,31.539262827714513,130.2840698508317,31.359508551809675,130.71209313444228,31.71901710361935
165,130.498081492637,31.71901710361935,130.2840698508317,31.539262827714513,130.71209313444228,31.898771379524188
166,130.498081492637,31.898771379524188,130.2840698508317,31.71901710361935,130.71209313444228,32.078525655429026
167,130.498081492637,32.078525655429026,130.2840698508317,31.898771379524188,130.71209313444228,32.25827993133387
168,130.498081492637,32.25827993133386,130.2840698508317,32.07852565542902,130.71209313444228,32.4380342072387
169,130.498081492637,32.4380342072387,130.2840698508317,32.25827993133386,130.71209313444228,32.61778848314354
170,130.498081492637,32.61778848314354,130.2840698508317,32.4380342072387,130.71209313444228,32.79754275904838
171,130.498081492637,32.797542759048376,130.2840698508317,32.617788483143535,130.71209313444228,32.97729703495322
172,130.498081492637,32.97729703495321,130.2840698508317,32.79754275904837,130.71209313444228,33.15705131085805
173,130.498081492637,33.15705131085805,130.2840698508317,32.97729703495321,130.71209313444228,33.33680558676289
174,130.498081492637,33.33680558676289,130.2840698508317,33.15705131085805,130.71209313444228,33.516559862667734
175,130.498081492637,33.51655986266773,130.2840698508317,33.336805586762885,130.71209313444228,33.69631413857257
176,130.498081492637,33.69631413857256,130.2840698508317,33.51655986266772,130.71209313444228,33.8760684144774
177,130.498081492637,33.8760684144774,130.2840698508317,33.69631413857256,130.71209313444228,34.05582269038224
178,130.498081492637,34.05582269038224,130.2840698508317,33.8760684144774,130.71209313444228,34.235576966287084
179,130.498081492637,34.23557696628708,130.2840698508317,34.055822690382236,130.71209313444228,34.41533124219192
180,130.498081492637,34.41533124219191,130.2840698508317,34.23557696628707,130.71209313444228,34.59508551809675
181,130.498081492637,34.59508551809675,130.2840698508317,34.41533124219191,130.71209313444228,34.77483979400159
182,130.498081492637,34.77483979400159,130.2840698508317,34.59508551809675,130.71209313444228,34.954594069906435
183,130.498081492637,34.95459406990643,130.2840698508317,34.774839794001586,130.71209313444228,35.13434834581127
184,130.71209313444228,31.0,130.498081492637,30.820245724095162,130.92610477624757,31.179754275904838
185,130.71209313444228,31.179754275904838,130.498081492637,31.0,130.92610477624757,31.359508551809675
186,130.71209313444228,31.359508551809675,130.498081492637,31.179754275904838,130.92610477624757,31.539262827714513
187,130.71209313444228,31.539262827714513,130.498081492637,31.359508551809675,130.92610477624757,31.71901710361935
188,130.71209313444228,31.71901710361935,130.498081492637,31.539262827714513,130.92610477624757,31.898771379524188
189,130.71209313444228,31.898771379524188,130.498081492637,31.71901710361935,130.92610477624757,32.078525655429026
190,130.71209313444228,32.078525655429026,130.498081492637,31.898771379524188,130.92610477624757,32.25827993133387
191,130.71209313444228,32.25827993133386,130.498081492637,32.07852565542902,130.92610477624757,32.4380342072387
192,130.71209313444228,32.4380342072387,130.498081492637,32.25827993133386,130.92610477624757,32.61778848314354
193,130.71209313444228,32.61778848314354,130.498081492637,32.4380342072387,130.92610477624757,32.79754275904838
194,130.71209313444228,32.797542759048376,130.498081492637,32.617788483143535,130.92610477624757,32.97729703495322
195,130.71209313444228,32.97729703495321,130.498081492637,32.79754275904837,130.92610477624757,33.15705131085805
196,130.71209313444228,33.15705131085805,130.498081492637,32.97729703495321,130.92610477624757,33.33680558676289
197,130.71209313444228,33.33680558676289,130.498081492637,33.15705131085805,130.92610477624757,33.516559862667734
198,130.71209313444228,33.51655986266773,130.498081492637,33.336805586762885,130.92610477624757,33.69631413857257
199,130.71209313444228,33.69631413857256,130.498081492637,33.51655986266772,130.92610477624757,33.8760684144774
200,130.71209313444228,33.8760684144774,130.498081492637,33.69631413857256,130.92610477624757,34.05582269038224
201,130.71209313444228,34.05582269038224,130.498081492637,33.8760684144774,130.92610477624757,34.235576966287084
202,130.71209313444228,34.23557696628708,130.498081492637,34.055822690382236,130.92610477624757,34.41533124219192
203,130.71209313444228,34.41533124219191,130.498081492637,34.23557696628707,130.92610477624757,34.59508551809675
204,130.71209313444228,34.59508551809675,130.498081492637,34.41533124219191,130.92610477624757,34.77483979400159
205,130.71209313444228,34.77483979400159,130.498081492637,34.59508551809675,130.92610477624757,34.954594069906435
206,130.71209313444228,34.95459406990643,130.498081492637,34.774839794001586,130.92610477624757,35.13434834581127
207,130.92610477624757,31.0,130.71209313444228,30.820245724095162,131.14011641805286,31.179754275904838
208,130.92610477624757,31.179754275904838,130.71209313444228,31.0,131.14011641805286,31.359508551809675
209,130.92610477624757,31.359508551809675,130.71209313444228,31.179754275904838,131.14011641805286,31.539262827714513
210,130.92610477624757,31.539262827714513,130.71209313444228,31.359508551809675,131.14011641805286,31.71901710361935
211,130.92610477624757,31.71901710361935,130.71209313444228,31.539262827714513,131.14011641805286,31.898771379524188
212,130.92610477624757,31.898771379524188,130.71209313444228,31.71901710361935,131.14011641805286,32.078525655429026
213,130.92610477624757,32.078525655429026,130.71209313444228,31.898771379524188,131.14011641805286,32.25827993133387
214,130.92610477624757,32.25827993133386,130.71209313444228,32.07852565542902,131.14011641805286,32.4380342072387
215,130.92610477624757,32.4380342072387,130.71209313444228,32.25827993133386,131.14011641805286,32.61778848314354
216,130.92610477624757,32.61778848314354,130.71209313444228,32.4380342072387,131.14011641805286,32.79754275904838
217,130.92610477624757,32.797542759048376,130.71209313444228,32.617788483143535,131.14011641805286,32.97729703495322
218,130.92610477624757,32.97729703495321,130.71209313444228,32.79754275904837,131.14011641805286,33.15705131085805
219,130.92610477624757,33.15705131085805,130.71209313444228,32.97729703495321,131.14011641805286,33.33680558676289
220,130.92610477624757,33.33680558676289,130.71209313444228,33.15705131085805,131.14011641805286,33.516559862667734
221,130.92610477624757,33.51655986266773,130.71209313444228,33.336805586762885,131.14011641805286,33.69631413857257
222,130.92610477624757,33.69631413857256,130.71209313444228,33.51655986266772,131.14011641805286,33.8760684144774
223,130.92610477624757,33.8760684144774,130.71209313444228,33.69631413857256,131.14011641805286,34.05582269038224
224,130.92610477624757,34.05582269038224,130.71209313444228,33.8760684144774,131.14011641805286,34.235576966287084
225,130.92610477624757,34.23557696628708,130.71209313444228,34.055822690382236,131.14011641805286,34.41533124219192
226,130.92610477624757,34.41533124219191,130.71209313444228,34.23557696628707,131.14011641805286,34.59508551809675
227,130.92610477624757,34.59508551809675,130.71209313444228,34.41533124219191,131.14011641805286,34.77483979400159
228,130.92610477624757,34.77483979400159,130.71209313444228,34.59508551809675,131.14011641805286,34.954594069906435
229,130.92610477624757,34.95459406990643,130.71209313444228,34.774839794001586,131.14011641805286,35.13434834581127
230,131.14011641805286,31.0,130.92610477624757,30.820245724095162,131.35412805985814,31.179754275904838
231,131.14011641805286,31.179754275904838,130.92610477624757,31.0,131.35412805985814,31.359508551809675
232,131.14011641805286,31.359508551809675,130.92610477624757,31.179754275904838,131.35412805985814,31.539262827714513
233,131.14011641805286,31.539262827714513,130.92610477624757,31.359508551809675,131.35412805985814,31.71901710361935
234,131.14011641805286,31.71901710361935,130.92610477624757,31.539262827714513,131.35412805985814,31.898771379524188
235,131.14011641805286,31.898771379524188,130.92610477624757,31.71901710361935,131.35412805985814,32.078525655429026
236,131.14011641805286,32.078525655429026,130.92610477624757,31.898771379524188,131.35412805985814,32.25827993133387
237,131.14011641805286,32.25827993133386,130.92610477624757,32.07852565542902,131.35412805985814,32.4380342072387
238,131.14011641805286,32.4380342072387,130.92610477624757,32.25827993133386,131.35412805985814,32.61778848314354
239,131.14011641805286,32.61778848314354,130.92610477624757,32.4380342072387,131.35412805985814,32.79754275904838
240,131.14011641805286,32.797542759048376,130.92610477624757,32.617788483143535,131.35412805985814,32.97729703495322
241,131.14011641805286,32.97729703495321,130.92610477624757,32.79754275904837,131.35412805985814,33.15705131085805
242,131.14011641805286,33.15705131085805,130.92610477624757,32.97729703495321,131.35412805985814,33.33680558676289
243,131.14011641805286,33.33680558676289,130.92610477624757,33.15705131085805,131.35412805985814,33.516559862667734
244,131.14011641805286,33.51655986266773,130.92610477624757,33.336805586762885,131.35412805985814,33.69631413857257
245,131.14011641805286,33.69631413857256,130.92610477624757,33.51655986266772,131.35412805985814,33.8760684144774
246,131.14011641805286,33.8760684144774,130.92610477624757,33.69631413857256,131.35412805985814,34.05582269038224
247,131.14011641805286,34.05582269038224,130.92610477624757,33.8760684144774,131.35412805985814,34.235576966287084
248,131.14011641805286,34.23557696628708,130.92610477624757,34.055822690382236,131.35412805985814,34.41533124219192
249,131.14011641805286,34.41533124219191,130.92610477624757,34.23557696628707,131.35412805985814,34.59508551809675
250,131.14011641805286,34.59508551809675,130.92610477624757,34.41533124219191,131.35412805985814,34.77483979400159
251,131.14011641805286,34.77483979400159,130.92610477624757,34.59508551809675,131.35412805985814,34.954594069906435
252,131.14011641805286,34.95459406990643,130.92610477624757,34.774839794001586,131.35412805985814,35.13434834581127
253,131.35412805985814,31.0,131.14011641805286,30.820245724095162,131.56813970166343,31.179754275904838
254,131.35412805985814,31.179754275904838,131.14011641805286,31.0,131.56813970166343,31.359508551809675
255,131.35412805985814,31.359508551809675,131.14011641805286,31.179754275904838,131.56813970166343,31.539262827714513
256,131.35412805985814,31.539262827714513,131.14011641805286,31.359508551809675,131.56813970166343,31.71901710361935
257,131.35412805985814,31.71901710361935,131.14011641805286,31.539262827714513,131.56813970166343,31.898771379524188
258,131.35412805985814,31.898771379524188,131.14011641805286,31.71901710361935,131.56813970166343,32.078525655429026
259,131.35412805985814,32.078525655429026,131.14011641805286,31.898771379524188,131.56813970166343,32.25827993133387
260,131.35412805985814,32.25827993133386,131.14011641805286,32.07852565542902,131.56813970166343,32.4380342072387
261,131.35412805985814,32.4380342072387,131.14011641805286,32.25827993133386,131.56813970166343,32.61778848314354
262,131.35412805985814,32.61778848314354,131.14011641805286,32.4380342072387,131.56813970166343,32.79754275904838
263,131.35412805985814,32.797542759048376,131.14011641805286,32.617788483143535,131.56813970166343,32.97729703495322
264,131.35412805985814,32.97729703495321,131.14011641805286,32.79754275904837,131.56813970166343,33.15705131085805
265,131.35412805985814,33.15705131085805,131.14011641805286,32.97729703495321,131.56813970166343,33.33680558676289
266,131.35412805985814,33.33680558676289,131.14011641805286,33.15705131085805,131.56813970166343,33.516559862667734
267,131.35412805985814,33.51655986266773,131.14011641805286,33.336805586762885,131.56813970166343,33.69631413857257
268,131.35412805985814,33.69631413857256,131.14011641805286,33.51655986266772,131.56813970166343,33.8760684144774
269,131.35412805985814,33.8760684144774,131.14011641805286,33.69631413857256,131.56813970166343,34.05582269038224
270,131.35412805985814,34.05582269038224,131.14011641805286,33.8760684144774,131.56813970166343,34.235576966287084
271,131.35412805985814,34.23557696628708,131.14011641805286,34.055822690382236,131.56813970166343,34.41533124219192
272,131.35412805985814,34.41533124219191,131.14011641805286,34.23557696628707,131.56813970166343,34.59508551809675
273,131.35412805985814,34.59508551809675,131.14011641805286,34.41533124219191,131.56813970166343,34.77483979400159
274,131.35412805985814,34.77483979400159,131.14011641805286,34.59508551809675,131.56813970166343,34.954594069906435
275,131.35412805985814,34.95459406990643,131.14011641805286,34.774839794001586,131.56813970166343,35.13434834581127
276,131.56813970166343,31.0,131.35412805985814,30.820245724095162,131.7821513434687,31.179754275904838
277,131.56813970166343,31.179754275904838,131.35412805985814,31.0,131.7821513434687,31.359508551809675
278,131.56813970166343,31.359508551809675,131.35412805985814,31.179754275904838,131.7821513434687,31.539262827714513
279,131.56813970166343,31.539262827714513,131.35412805985814,31.359508551809675,131.7821513434687,31.71901710361935
280,131.56813970166343,31.71901710361935,131.35412805985814,31.539262827714513,131.7821513434687,31.898771379524188
281,131.56813970166343,31.898771379524188,131.35412805985814,31.71901710361935,131.7821513434687,32.078525655429026
282,131.56813970166343,32.078525655429026,131.35412805985814,31.898771379524188,131.7821513434687,32.25827993133387
283,131.56813970166343,32.25827993133386,131.35412805985814,32.07852565542902,131.7821513434687,32.4380342072387
284,131.56813970166343,32.4380342072387,131.35412805985814,32.25827993133386,131.7821513434687,32.61778848314354
285,131.56813970166343,32.61778848314354,131.35412805985814,32.4380342072387,131.7821513434687,32.79754275904838
286,131.56813970166343,32.797542759048376,131.35412805985814,32.617788483143535,131.7821513434687,32.97729703495322
287,131.56813970166343,32.97729703495321,131.35412805985814,32.79754275904837,131.7821513434687,33.15705131085805
288,131.56813970166343,33.15705131085805,131.35412805985814,32.97729703495321,131.7821513434687,33.33680558676289
289,131.56813970166343,33.33680558676289,131.35412805985814,33.15705131085805,131.7821513434687,33.516559862667734
290,131.56813970166343,33.51655986266773,131.35412805985814,33.336805586762885,131.7821513434687,33.69631413857257
291,131.56813970166343,33.69631413857256,131.35412805985814,33.51655986266772,131.7821513434687,33.8760684144774
292,131.56813970166343,33.8760684144774,131.35412805985814,33.69631413857256,131.7821513434687,34.05582269038224
293,131.56813970166343,34.05582269038224,131.35412805985814,33.8760684144774,131.7821513434687,34.235576966287084
294,131.56813970166343,34.23557696628708,131.35412805985814,34.055822690382236,131.7821513434687,34.41533124219192
295,131.56813970166343,34.41533124219191,131.35412805985814,34.23557696628707,131.7821513434687,34.59508551809675
296,131.56813970166343,34.59508551809675,131.35412805985814,34.41533124219191,131.7821513434687,34.77483979400159
297,131.56813970166343,34.77483979400159,131.35412805985814,34.59508551809675,131.7821513434687,34.954594069906435
298,131.56813970166343,34.95459406990643,131.35412805985814,34.774839794001586,131.7821513434687,35.13434834581127
299,131.7821513434687,31.0,131.56813970166343,30.820245724095162,131.996162985274,31.179754275904838
300,131.7821513434687,31.179754275904838,131.56813970166343,31.0,131.996162985274,31.359508551809675
301,131.7821513434687,31.359508551809675,131.56813970166343,31.179754275904838,131.996162985274,31.539262827714513
302,131.7821513434687,31.539262827714513,131.56813970166343,31.359508551809675,131.996162985274,31.71901710361935
303,131.7821513434687,31.71901710361935,131.56813970166343,31.539262827714513,131.996162985274,31.898771379524188
304,131.7821513434687,31.898771379524188,131.56813970166343,31.71901710361935,131.996162985274,32.078525655429026
305,131.7821513434687,32.078525655429026,131.56813970166343,31.898771379524188,131.996162985274,32.25827993133387
306,131.7821513434687,32.25827993133386,131.56813970166343,32.07852565542902,131.996162985274,32.4380342072387
307,131.7821513434687,32.4380342072387,131.56813970166343,32.25827993133386,131.996162985274,32.61778848314354
308,131.7821513434687,32.61778848314354,131.56813970166343,32.4380342072387,131.996162985274,32.79754275904838
309,131.7821513434687,32.797542759048376,131.56813970166343,32.617788483143535,131.996162985274,32.97729703495322
310,131.7821513434687,32.97729703495321,131.56813970166343,32.79754275904837,131.996162985274,33.15705131085805
311,131.7821513434687,33.15705131085805,131.56813970166343,32.97729703495321,131.996162985274,33.33680558676289
312,131.7821513434687,33.33680558676289,131.56813970166343,33.15705131085805,131.996162985274,33.516559862667734
313,131.7821513434687,33.51655986266773,131.56813970166343,33.336805586762885,131.996162985274,33.69631413857257
314,131.7821513434687,33.69631413857256,131.56813970166343,33.51655986266772,131.996162985274,33.8760684144774
315,131.7821513434687,33.8760684144774,131.56813970166343,33.69631413857256,131.996162985274,34.05582269038224
316,131.7821513434687,34.05582269038224,131.56813970166343,33.8760684144774,131.996162985274,34.235576966287084
317,131.7821513434687,34.23557696628708,131.56813970166343,34.055822690382236,131.996162985274,34.41533124219192
318,131.7821513434687,34.41533124219191,131.56813970166343,34.23557696628707,131.996162985274,34.59508551809675
319,131.7821513434687,34.59508551809675,131.56813970166343,34.41533124219191,131.996162985274,34.77483979400159
320,131.7821513434687,34.77483979400159,131.56813970166343,34.59508551809675,131.996162985274,34.954594069906435
321,131.7821513434687,34.95459406990643,131.56813970166343,34.774839794001586,131.996162985274,35.13434834581127
322,131.996162985274,31.0,131.7821513434687,30.820245724095162,132.21017462707928,31.179754275904838
323,131.996162985274,31.179754275904838,131.7821513434687,31.0,132.21017462707928,31.359508551809675
324,131.996162985274,31.359508551809675,131.7821513434687,31.179754275904838,132.21017462707928,31.539262827714513
325,131.996162985274,31.539262827714513,131.7821513434687,31.359508551809675,132.21017462707928,31.71901710361935
326,131.996162985274,31.71901710361935,131.7821513434687,31.539262827714513,132.21017462707928,31.898771379524188
327,131.996162985274,31.898771379524188,131.7821513434687,31.71901710361935,132.21017462707928,32.078525655429026
328,131.996162985274,32.078525655429026,131.7821513434687,31.898771379524188,132.21017462707928,32.25827993133387
329,131.996162985274,32.25827993133386,131.7821513434687,32.07852565542902,132.21017462707928,32.4380342072387
330,131.996162985274,32.4380342072387,131.7821513434687,32.25827993133386,132.21017462707928,32.61778848314354
331,131.996162985274,32.61778848314354,131.7821513434687,32.4380342072387,132.21017462707928,32.79754275904838
332,131.996162985274,32.797542759048376,131.7821513434687,32.617788483143535,132.21017462707928,32.97729703495322
333,131.996162985274,32.97729703495321,131.7821513434687,32.79754275904837,132.21017462707928,33.15705131085805
334,131.996162985274,33.15705131085805,131.7821513434687,32.97729703495321,132.21017462707928,33.33680558676289
335,131.996162985274,33.33680558676289,131.7821513434687,33.15705131085805,132.21017462707928,33.516559862667734
336,131.996162985274,33.51655986266773,131.7821513434687,33.336805586762885,132.21017462707928,33.69631413857257
337,131.996162985274,33.69631413857256,131.7821513434687,33.51655986266772,132.21017462707928,33.8760684144774
338,131.996162985274,33.8760684144774,131.7821513434687,33.69631413857256,132.21017462707928,34.05582269038224
339,131.996162985274,34.05582269038224,131.7821513434687,33.8760684144774,132.21017462707928,34.235576966287084
340,131.996162985274,34.23557696628708,131.7821513434687,34.055822690382236,132.21017462707928,34.41533124219192
341,131.996162985274,34.41533124219191,131.7821513434687,34.23557696628707,132.21017462707928,34.59508551809675
342,131.996162985274,34.59508551809675,131.7821513434687,34.41533124219191,132.21017462707928,34.77483979400159
343,131.996162985274,34.77483979400159,131.7821513434687,34.59508551809675,132.21017462707928,34.954594069906435
344,131.996162985274,34.95459406990643,131.7821513434687,34.774839794001586,132.21017462707928,35.13434834581127
